size,bedrooms,bathrooms,age,Tehran,Esfehan,Yazd,Shiraz,Tabriz,price
152,1,3,3,0,0,0,0,1,981653.9936
142,1,2,23,0,0,1,0,0,870284.3499
64,1,2,26,0,0,0,0,1,515868.5989
156,2,3,37,0,0,0,0,1,979655.8731
121,4,2,24,0,0,1,0,0,859453.6265
70,4,3,49,0,0,0,1,0,570964.5346
152,3,3,19,0,1,0,0,0,931339.0588
171,2,2,25,0,0,1,0,0,957482.5839
124,1,2,21,1,0,0,0,0,858480.4773
137,2,1,12,0,0,0,1,0,876345.6038
166,3,3,41,1,0,0,0,0,1110933.11
149,3,1,33,0,0,0,1,0,928723.6421
153,2,2,4,0,1,0,0,0,1011728.37
180,2,1,42,0,1,0,0,0,1116451.169
199,2,3,7,0,0,0,0,1,1250230.969
102,4,1,22,1,0,0,0,0,800045.4675
51,1,3,33,0,0,0,1,0,460573.0921
137,2,2,17,0,1,0,0,0,892980.913
87,2,2,24,0,0,1,0,0,650710.1431
179,2,3,34,0,1,0,0,0,1089191.106
70,3,2,28,0,0,1,0,0,553007.6536
107,3,2,43,0,0,0,1,0,740878.5654
71,4,2,41,0,1,0,0,0,602215.9166
138,1,2,39,0,1,0,0,0,865679.056
98,4,3,22,0,0,0,1,0,688590.7645
108,1,1,49,0,1,0,0,0,712820.4773
64,3,1,17,0,0,1,0,0,564711.4203
100,3,2,34,0,1,0,0,0,808184.5248
157,3,1,6,1,0,0,0,0,1041088.8
104,4,1,46,0,0,0,0,1,694073.0917
113,2,2,6,0,0,1,0,0,738348.5245
180,2,2,34,1,0,0,0,0,1190600.893
100,3,1,1,0,0,0,1,0,721391.6488
184,2,3,10,0,0,1,0,0,1179668.659
70,2,2,21,0,0,0,0,1,526297.1901
122,4,3,5,0,0,0,0,1,869101.5217
67,1,1,2,0,0,0,1,0,537413.3367
181,3,2,22,0,0,0,1,0,1071927.969
138,3,3,48,0,0,1,0,0,1003271.593
109,4,2,2,0,1,0,0,0,893376.3229
63,4,1,10,0,0,0,1,0,517296.9227
58,2,3,34,0,1,0,0,0,482806.7717
139,3,1,16,1,0,0,0,0,818239.7006
102,1,1,48,0,0,0,0,1,559429.3064
179,4,2,39,0,1,0,0,0,1172495.575
133,1,3,22,0,0,0,0,1,878767.0929
141,1,1,12,0,1,0,0,0,907682.6783
160,3,1,24,1,0,0,0,0,923721.0182
57,3,3,47,0,0,0,1,0,488209.219
84,4,1,40,1,0,0,0,0,708363.6403
130,3,1,38,0,0,0,1,0,817198.6297
99,3,3,10,0,0,0,1,0,691385.2633
153,3,3,35,0,0,0,0,1,984419.8835
181,1,3,49,1,0,0,0,0,1077449.129
51,4,3,32,0,1,0,0,0,549683.953
183,2,2,7,1,0,0,0,0,1159027.269
103,1,3,21,0,0,0,0,1,741164.8332
155,3,2,20,0,0,0,1,0,934103.8187
53,1,2,26,0,0,0,0,1,406564.1716
103,3,2,4,0,0,1,0,0,815521.7171
195,3,1,46,0,0,1,0,0,1081285.997
93,1,2,22,0,1,0,0,0,612844.3992
63,4,2,15,0,0,0,0,1,559964.8655
144,3,1,40,0,1,0,0,0,924336.492
97,4,1,21,0,1,0,0,0,689557.5079
64,2,1,15,0,0,1,0,0,491078.3559
89,3,3,22,0,1,0,0,0,739661.2781
131,4,1,28,0,0,1,0,0,909481.7501
160,4,1,14,0,0,0,1,0,962538.9167
102,2,2,27,0,0,0,0,1,711215.976
73,4,1,41,0,1,0,0,0,649600.8
173,4,3,40,0,0,1,0,0,1119205.397
90,2,1,28,1,0,0,0,0,588008.0423
64,3,3,26,0,1,0,0,0,527695.4046
94,4,1,49,0,0,0,1,0,642963.1279
114,4,1,2,0,0,0,1,0,849792.3652
138,4,1,25,1,0,0,0,0,922962.2075
120,1,1,3,0,0,1,0,0,786461.599
58,2,3,8,0,1,0,0,0,502182.9159
137,1,3,44,0,0,1,0,0,930155.8816
178,2,2,33,0,0,0,1,0,1019717.071
185,3,3,42,0,0,1,0,0,1137775.176
112,3,1,35,0,0,0,1,0,766495.7431
188,4,2,6,0,0,1,0,0,1102028.425
130,2,2,39,1,0,0,0,0,869698.0575
185,3,2,23,0,0,0,0,1,1080046.322
82,2,1,25,1,0,0,0,0,605827.4699
172,3,3,43,1,0,0,0,0,1099397.22
54,1,1,19,0,0,0,0,1,516291.7413
90,3,2,5,0,0,0,0,1,655343.9405
77,1,1,11,0,1,0,0,0,656132.5686
184,3,1,12,0,1,0,0,0,1167347.615
121,4,3,10,1,0,0,0,0,874927.0515
61,1,3,8,1,0,0,0,0,573540.5463
82,3,2,24,0,0,0,1,0,610779.5127
97,4,1,28,0,0,0,1,0,699107.8745
111,1,1,41,0,1,0,0,0,668305.4506
86,4,3,36,0,1,0,0,0,788508.8817
148,2,1,37,0,0,0,1,0,939269.9045
153,2,1,21,0,0,0,1,0,935589.0784
84,1,1,8,0,0,1,0,0,678455.7384
150,3,3,9,0,0,1,0,0,1024713.962
180,1,2,47,0,0,0,1,0,1107881.248
50,4,2,15,0,0,1,0,0,506915.0294
54,3,1,48,0,0,0,0,1,441694.3797
191,2,2,46,0,1,0,0,0,1144928.061
152,3,3,40,0,1,0,0,0,1014765.068
76,2,3,18,0,0,0,1,0,620526.593
186,3,2,42,1,0,0,0,0,1124513.408
64,3,2,20,0,0,0,1,0,519946.5667
139,3,1,6,0,0,1,0,0,898162.2492
91,4,2,12,1,0,0,0,0,744485.5508
173,4,1,2,0,0,1,0,0,1101471.049
112,1,1,7,0,0,0,0,1,771651.6267
145,1,3,16,0,0,1,0,0,991355.9159
101,2,3,3,0,0,0,0,1,732183.6222
145,4,3,45,0,0,0,0,1,1029089.195
181,2,3,3,0,0,1,0,0,1255651.031
192,1,2,27,0,0,1,0,0,1040808.685
78,2,3,43,0,0,0,0,1,633614.5043
85,1,2,40,1,0,0,0,0,580350.7901
62,4,3,38,0,0,0,0,1,592037.4011
120,3,2,33,0,1,0,0,0,888911.897
135,4,1,28,0,0,0,0,1,823150.3703
77,2,2,1,1,0,0,0,0,541383.645
115,2,2,8,0,1,0,0,0,848771.7044
94,4,3,37,0,0,0,1,0,729770.1241
111,4,2,32,0,0,0,1,0,699578.0623
183,1,1,48,1,0,0,0,0,1193478.225
77,2,1,43,0,0,0,0,1,553220.9706
77,2,3,37,0,0,1,0,0,641505.002
157,4,1,4,1,0,0,0,0,1109290.888
93,3,2,30,0,1,0,0,0,665958.8024
133,2,1,6,0,1,0,0,0,875522.7056
79,3,3,46,0,0,0,1,0,553033.9043
124,4,2,19,0,1,0,0,0,850602.5776
177,4,3,32,1,0,0,0,0,1192283
141,1,2,9,0,1,0,0,0,832735.7666
178,2,1,12,1,0,0,0,0,1066185.523
170,3,3,11,0,0,1,0,0,1072603.302
76,1,3,46,0,0,0,1,0,571104.6123
170,2,2,16,0,1,0,0,0,1102735.063
165,1,3,1,1,0,0,0,0,1121107.64
52,4,2,45,0,0,0,0,1,514940.8322
152,2,2,21,0,0,0,1,0,1027605.842
186,1,2,30,0,0,1,0,0,1140362.273
111,1,2,13,1,0,0,0,0,866366.7949
100,3,1,34,0,0,1,0,0,691975.1261
108,1,2,4,0,0,1,0,0,737333.9423
167,2,3,28,0,1,0,0,0,1107365.368
145,2,1,38,0,1,0,0,0,886179.4413
162,3,3,31,1,0,0,0,0,1171628.236
111,2,1,27,0,0,0,0,1,764549.1737
101,4,2,5,1,0,0,0,0,827513.9072
61,2,1,25,0,0,0,0,1,466570.9672
88,2,1,3,0,0,1,0,0,616626.1414
179,1,3,33,0,0,0,1,0,1127066.25
180,1,3,4,1,0,0,0,0,1099645.127
162,2,2,25,1,0,0,0,0,1111718.177
150,3,1,20,0,0,0,0,1,921118.1647
162,1,1,34,0,0,1,0,0,971255.3367
130,3,1,26,0,0,1,0,0,798519.9462
162,2,2,5,0,0,0,0,1,1051149.313
51,2,2,35,0,0,1,0,0,427312.9194
179,4,2,28,0,1,0,0,0,1179461.44
103,1,2,29,0,0,0,1,0,723869.6734
136,2,2,9,1,0,0,0,0,888618.3943
178,4,3,38,0,0,0,1,0,1085823.544
196,1,1,6,1,0,0,0,0,1250594.996
175,2,1,19,0,1,0,0,0,1056385.048
179,2,1,44,0,0,1,0,0,1062242.441
102,1,1,11,0,0,0,0,1,683273.2262
117,1,1,2,0,1,0,0,0,710314.9935
172,1,1,47,0,0,0,1,0,1006133.307
194,2,1,44,0,0,0,0,1,1110956.327
87,2,1,44,0,0,1,0,0,558823.4651
73,4,3,9,0,1,0,0,0,608173.2008
118,3,1,21,0,0,0,0,1,799294.2774
165,1,3,24,0,1,0,0,0,1107385.6
147,2,2,34,0,1,0,0,0,949929.5259
188,2,1,22,0,0,1,0,0,1046276.733
193,1,2,3,1,0,0,0,0,1139133.359
146,3,2,12,0,0,0,0,1,926393.8145
173,1,2,28,0,0,1,0,0,1125230.987
119,3,3,30,0,1,0,0,0,842662.4669
142,2,2,26,0,0,1,0,0,890571.5539
52,3,2,48,1,0,0,0,0,398325.76
197,4,2,21,0,0,0,0,1,1181165.76
196,2,1,28,1,0,0,0,0,1110353.182
139,4,1,26,0,0,0,1,0,848841.0085
196,1,3,33,0,0,0,0,1,1172997.534
197,1,3,21,1,0,0,0,0,1203941.79
145,1,1,35,0,1,0,0,0,964974.7226
101,3,3,34,0,0,0,0,1,784900.1686
177,2,1,41,0,0,0,0,1,993555.8031
88,1,2,47,0,0,1,0,0,557159.1079
131,1,2,18,0,1,0,0,0,926132.0968
153,2,3,11,0,0,0,1,0,1087002.124
178,1,1,23,1,0,0,0,0,957287.5878
60,4,1,48,0,0,1,0,0,496642.8812
91,2,3,22,1,0,0,0,0,700406.0846
148,2,1,17,0,0,0,1,0,945456.007
56,2,2,5,0,0,0,1,0,592133.4062
193,4,3,44,0,0,0,0,1,1176797.149
139,2,3,11,0,0,0,1,0,830965.0743
161,4,1,30,1,0,0,0,0,1063950.385
109,2,3,15,0,1,0,0,0,869498.2034
162,3,1,27,0,1,0,0,0,997812.0109
51,1,1,35,0,0,0,0,1,344748.126
178,3,1,33,1,0,0,0,0,1075137.03
97,1,1,20,1,0,0,0,0,707510.2684
189,4,1,16,0,0,0,1,0,1136276.953
86,3,3,34,1,0,0,0,0,712438.015
58,2,2,2,0,0,1,0,0,519390.1458
148,1,2,35,0,0,0,1,0,901231.0194
196,1,3,40,0,0,1,0,0,1215064.616
97,3,3,28,0,0,0,0,1,693071.005
180,4,2,47,0,1,0,0,0,1111470.672
197,3,2,39,0,0,0,0,1,1215880.142
103,4,2,6,0,1,0,0,0,739653.7338
169,4,2,9,0,0,0,0,1,1041988.99
165,1,2,20,1,0,0,0,0,971984.2854
124,3,1,1,0,0,1,0,0,881450.5457
162,3,3,8,0,1,0,0,0,1086738.152
153,4,1,23,0,0,0,1,0,906319.2427
133,3,2,3,0,0,1,0,0,954690.4281
161,2,2,4,0,0,0,1,0,993222.8919
148,2,2,25,0,0,1,0,0,901416.0961
142,3,1,47,0,0,1,0,0,873216.0721
195,3,1,38,0,0,0,0,1,1210936.18
177,4,2,15,0,1,0,0,0,1130251.89
159,2,1,21,0,1,0,0,0,1012766.943
131,2,1,35,0,0,1,0,0,856354.001
103,1,2,46,1,0,0,0,0,721163.6649
117,4,1,14,1,0,0,0,0,894553.5825
82,1,3,36,0,0,0,1,0,568644.1998
191,2,3,12,0,0,0,1,0,1140833.258
70,4,3,17,0,0,0,0,1,559851.6672
97,3,3,39,0,0,1,0,0,718776.5792
197,4,2,9,0,0,0,1,0,1188647.667
177,3,2,35,0,0,0,1,0,1097377.046
185,3,2,13,0,0,1,0,0,1165849.421
184,4,3,15,0,0,0,0,1,1235928.665
194,3,3,18,0,0,0,1,0,1236557.215
177,1,1,33,0,0,0,0,1,991192.4072
82,2,1,6,0,1,0,0,0,634542.4602
164,3,3,27,0,0,0,0,1,1001490.299
168,1,3,23,1,0,0,0,0,1075092.966
71,3,3,27,1,0,0,0,0,643970.0617
87,2,3,34,0,0,0,0,1,647465.8799
158,1,1,46,1,0,0,0,0,964753.2547
100,2,3,38,0,1,0,0,0,699797.6992
57,2,1,14,0,0,1,0,0,528601.5701
76,1,3,36,1,0,0,0,0,695108.4475
76,1,3,8,1,0,0,0,0,551866.1928
70,1,3,35,0,0,0,0,1,474220.1002
79,4,1,19,0,1,0,0,0,628154.1504
146,1,1,30,0,0,1,0,0,867172.451
77,1,2,14,0,0,0,0,1,655820.6203
160,1,3,20,0,0,0,0,1,1010989.216
110,1,2,49,0,1,0,0,0,790627.2627
97,3,2,25,0,0,1,0,0,607543.8057
196,4,1,40,0,1,0,0,0,1230708.474
53,2,1,24,0,0,1,0,0,405224.159
84,1,2,14,0,1,0,0,0,589422.8715
98,3,3,26,0,0,0,0,1,711582.0987
66,3,1,38,0,0,0,0,1,420770.818
95,3,3,23,0,0,0,1,0,744139.2763
166,2,3,22,1,0,0,0,0,1097535.748
55,1,2,48,0,1,0,0,0,460309.6124
148,4,2,19,0,0,0,1,0,1025351.551
173,4,2,46,1,0,0,0,0,1184739.102
86,3,2,3,0,1,0,0,0,668814.4475
73,2,1,42,0,0,1,0,0,546867.532
142,2,1,19,1,0,0,0,0,925649.4104
95,2,2,9,0,0,0,0,1,694880.7253
144,4,1,28,0,0,0,1,0,941629.8832
148,3,2,20,1,0,0,0,0,1069525.167
165,1,3,45,1,0,0,0,0,1017016.157
116,4,3,7,0,0,0,0,1,776713.2048
177,3,3,14,0,1,0,0,0,1126106.312
67,3,2,9,0,0,1,0,0,613863.3467
74,1,3,19,0,0,0,0,1,572166.4754
103,1,1,47,0,0,1,0,0,624620.033
107,1,3,14,0,1,0,0,0,717175.1366
116,2,3,38,1,0,0,0,0,833064.3061
153,1,3,36,0,0,1,0,0,1001225.314
73,3,1,40,0,0,0,1,0,550293.6028
163,1,2,17,0,0,0,1,0,985333.4834
81,3,1,30,0,0,0,0,1,582332.0642
135,4,2,9,0,1,0,0,0,953042.1483
176,2,2,33,0,0,0,0,1,1066484.847
179,4,3,25,0,0,0,0,1,1090784.752
66,4,2,14,0,0,0,0,1,575866.3175
153,3,1,11,0,0,0,1,0,941970.1766
186,4,1,35,0,0,0,1,0,1177030.93
92,3,2,41,0,0,0,0,1,655645.9321
88,1,3,14,0,0,0,1,0,697773.9611
75,1,3,30,0,1,0,0,0,579910.9306
148,3,1,41,0,0,0,0,1,885714.3081
99,1,3,4,0,0,0,1,0,795712.5623
62,2,2,4,0,0,1,0,0,557816.7594
109,4,2,28,0,0,0,0,1,731274.2734
184,2,1,8,0,0,0,0,1,1136848.722
106,4,2,2,0,1,0,0,0,781334.7633
85,1,1,41,1,0,0,0,0,595284.9069
69,2,2,46,1,0,0,0,0,640833.7315
114,1,1,22,0,1,0,0,0,666435.8806
57,4,3,41,0,1,0,0,0,545210.9039
193,3,2,16,0,1,0,0,0,1229413.582
191,3,2,29,1,0,0,0,0,1234234.917
164,2,1,49,0,1,0,0,0,918938.3046
192,1,1,48,0,0,0,1,0,1005210.487
141,1,2,30,0,0,0,0,1,919537.4676
147,2,1,12,0,0,0,0,1,866979.2572
115,3,2,35,0,0,1,0,0,751885.8746
81,4,3,11,0,0,1,0,0,771512.4836
135,2,1,46,0,0,0,0,1,812485.1157
100,4,2,21,0,0,0,1,0,742811.9114
112,3,3,21,1,0,0,0,0,830010.0277
174,1,3,5,1,0,0,0,0,1063800.897
199,3,2,48,0,0,0,1,0,1220784.847
107,2,1,20,1,0,0,0,0,755472.5261
107,1,2,37,0,1,0,0,0,726434.5663
135,2,3,3,0,0,0,0,1,906183.848
98,2,2,44,0,0,0,0,1,641384.0175
119,3,1,33,0,0,0,1,0,817624.1695
64,2,3,9,1,0,0,0,0,583935.3468
103,3,2,9,0,0,1,0,0,752796.9481
150,1,1,4,0,0,1,0,0,952494.6577
57,3,3,35,1,0,0,0,0,560398.0465
102,1,1,17,0,0,1,0,0,755113.8029
109,3,3,34,0,0,0,1,0,692931.6611
157,4,2,24,0,0,0,1,0,1035995.372
54,4,1,32,1,0,0,0,0,462719.711
152,2,3,1,0,0,1,0,0,971895.6733
55,3,1,8,0,0,0,1,0,454146.7897
158,3,1,45,0,0,0,1,0,957733.9704
165,1,2,23,0,1,0,0,0,1026953.454
143,2,1,47,0,1,0,0,0,802134.6892
96,3,3,40,0,0,0,1,0,682945.8085
148,2,3,12,1,0,0,0,0,1022061.078
104,4,3,12,0,0,0,0,1,744153.4775
101,3,3,46,0,0,0,0,1,663260.8048
193,3,2,47,0,0,0,1,0,1045193.385
62,2,1,15,0,0,0,1,0,451840.3276
163,3,2,41,0,0,0,1,0,956518.5401
173,2,1,19,1,0,0,0,0,1016803.356
155,3,1,26,0,1,0,0,0,965408.9848
196,1,1,29,0,0,0,1,0,1091008.556
194,2,2,22,0,0,0,1,0,1109688.105
169,3,1,40,0,0,1,0,0,919207.9217
112,4,2,21,1,0,0,0,0,844115.5653
68,3,3,38,0,0,0,1,0,609641.3607
141,4,3,20,0,0,1,0,0,965162.7511
107,4,1,29,0,0,0,0,1,712711.2152
139,1,2,4,0,0,0,1,0,891140.5258
166,2,3,7,0,0,0,1,0,1151939.179
111,3,2,28,0,0,1,0,0,698614.6103
72,1,2,28,1,0,0,0,0,541275.5137
176,3,1,4,0,0,0,1,0,999901.3518
186,4,3,22,0,0,0,0,1,1206115.923
189,2,1,12,0,0,0,1,0,1115802.08
178,3,1,45,0,0,0,0,1,1055149.606
107,3,3,3,0,1,0,0,0,829656.1281
171,4,3,22,0,1,0,0,0,1192535.413
50,3,2,44,0,0,0,0,1,462906.6482
83,3,3,2,1,0,0,0,0,754525.3979
145,4,2,24,0,0,0,1,0,907723.2655
175,1,2,34,0,0,0,1,0,1100658.543
167,4,2,27,0,1,0,0,0,1051881.863
97,1,3,41,0,0,0,0,1,630756.5229
138,2,1,1,0,0,0,1,0,892542.1289
166,1,2,8,0,0,0,1,0,1037095.913
178,1,1,23,1,0,0,0,0,1013407.16
65,2,1,38,0,0,1,0,0,478336.0354
118,1,3,6,0,1,0,0,0,908411.7658
71,4,1,22,0,1,0,0,0,509583.1719
142,1,1,25,0,0,1,0,0,939260.9621
125,2,3,18,0,0,0,1,0,844915.0774
193,4,2,17,1,0,0,0,0,1121112.258
135,2,1,12,1,0,0,0,0,814663.4133
78,2,3,6,0,1,0,0,0,605826.1231
118,3,1,26,1,0,0,0,0,772803.535
96,3,1,27,0,0,1,0,0,667764.3371
143,2,2,8,0,0,0,1,0,791825.9935
193,2,1,19,0,0,1,0,0,1155340.22
134,2,3,42,0,0,0,0,1,815245.4746
88,3,1,1,0,1,0,0,0,738526.1286
149,3,2,29,1,0,0,0,0,972491.164
82,1,2,45,0,0,0,0,1,602142.3086
150,1,3,49,1,0,0,0,0,1016517.449
72,2,2,35,0,0,0,1,0,599163.6622
59,4,1,40,0,0,0,1,0,456679.6629
118,4,2,14,0,0,0,1,0,807039.9921
149,3,3,35,1,0,0,0,0,998751.335
83,3,2,48,0,0,0,0,1,628811.8688
187,3,2,45,0,0,0,1,0,1104465.237
196,2,2,20,0,0,0,0,1,1164036.876
145,4,3,49,1,0,0,0,0,1009679.691
50,1,2,13,0,0,0,0,1,381755.4037
118,2,2,38,1,0,0,0,0,753594.5856
53,1,1,49,1,0,0,0,0,408086.8059
65,1,3,46,0,1,0,0,0,527708.9407
73,2,2,49,1,0,0,0,0,587694.274
129,1,3,8,1,0,0,0,0,930594.3287
51,4,2,43,0,0,1,0,0,427046.859
177,1,2,20,0,0,0,1,0,1024395.753
133,4,2,33,0,1,0,0,0,863462.3856
189,4,1,26,0,1,0,0,0,1239622.37
173,4,1,39,0,1,0,0,0,1069986.47
82,3,1,21,0,0,1,0,0,609806.4648
150,1,3,49,1,0,0,0,0,963888.7182
61,2,3,42,0,0,0,1,0,477216.4993
116,2,1,43,0,0,0,0,1,795213.4759
114,1,3,41,1,0,0,0,0,809551.3327
123,3,2,9,0,0,1,0,0,857979.5265
92,3,2,24,1,0,0,0,0,650737.1789
93,4,2,37,1,0,0,0,0,659903.3754
78,1,1,49,0,0,1,0,0,505554.6234
190,1,3,41,0,1,0,0,0,1124000.41
61,2,1,17,0,1,0,0,0,444627.7827
144,1,3,24,0,0,0,1,0,907452.099
95,3,2,21,0,0,0,1,0,683178.5986
179,1,1,39,0,1,0,0,0,1053089.271
84,2,3,41,0,0,0,0,1,593804.0264
130,4,3,39,1,0,0,0,0,880619.9653
139,2,2,13,0,0,0,0,1,843353.9557
57,2,1,11,1,0,0,0,0,554648.6365
142,4,1,46,0,1,0,0,0,851412.1157
139,2,1,19,0,0,0,1,0,884159.1149
164,2,2,11,0,0,0,1,0,1054977.316
154,1,1,13,0,0,0,0,1,910936.2262
184,1,2,46,0,0,0,1,0,1162391.453
107,4,2,45,0,1,0,0,0,795085.9497
163,1,2,1,0,0,0,0,1,1096145.152
124,1,3,40,1,0,0,0,0,807446.7999
169,2,1,44,0,0,0,1,0,959302.7295
70,3,1,19,0,0,1,0,0,577376.8579
187,1,2,12,0,0,0,1,0,1109926.718
150,3,2,8,1,0,0,0,0,1096283.271
148,1,1,8,0,0,0,0,1,909085.0192
85,1,2,45,1,0,0,0,0,557771.289
145,4,1,12,0,0,1,0,0,866159.1796
86,4,3,48,0,1,0,0,0,688088.0704
61,4,2,33,0,0,0,1,0,527543.8435
162,3,1,45,0,0,0,0,1,980688.2962
62,2,2,26,0,1,0,0,0,584534.5287
72,1,1,39,1,0,0,0,0,574955.6652
148,1,1,28,0,0,0,0,1,843054.9484
154,1,2,5,0,1,0,0,0,920309.0299
79,3,3,8,0,0,0,0,1,585293.9432
66,4,1,25,0,0,1,0,0,508159.9147
162,2,1,27,0,0,1,0,0,964663.4226
111,3,1,46,0,0,0,1,0,734253.1069
133,4,3,23,0,0,0,1,0,891951.6202
161,3,3,30,0,0,1,0,0,1069019.599
135,2,2,45,0,0,0,0,1,858102.0073
190,4,3,47,0,0,1,0,0,1210167.194
68,3,2,23,0,0,0,1,0,500568.8501
149,2,2,49,0,0,1,0,0,949391.3363
189,1,3,47,0,0,1,0,0,1242063.481
196,2,2,20,0,0,0,0,1,1182294.841
125,1,3,18,0,1,0,0,0,709346.245
58,3,2,18,0,0,0,1,0,574043.9786
77,4,3,2,0,0,0,0,1,627862.6112
177,4,3,4,0,0,1,0,0,1294285.635
101,3,2,30,0,0,1,0,0,730818.1726
132,4,1,33,0,1,0,0,0,792764.9653
160,4,2,36,0,0,0,1,0,920765.1255
193,1,3,18,0,0,0,1,0,1253987.038
166,3,1,37,1,0,0,0,0,1088295.249
118,2,2,19,0,0,0,1,0,902300.9443
148,1,2,47,0,1,0,0,0,913546.2243
189,3,2,28,1,0,0,0,0,1184173.506
74,1,1,40,1,0,0,0,0,510864.0604
172,2,3,20,0,0,1,0,0,1067085.488
102,2,2,49,0,0,1,0,0,671378.5223
193,3,2,33,0,0,0,1,0,1182873.167
106,2,2,12,1,0,0,0,0,725804.9607
88,1,2,15,0,0,1,0,0,551535.5327
158,2,2,41,0,1,0,0,0,996993.8317
91,1,3,39,0,0,1,0,0,612690.2201
191,1,3,2,0,0,1,0,0,1031028.114
171,2,2,29,1,0,0,0,0,1103628.37
182,3,1,41,1,0,0,0,0,1053597.048
124,4,3,10,0,0,0,0,1,923089.4727
195,2,1,2,0,1,0,0,0,1214892.405
125,1,3,11,1,0,0,0,0,888179.5006
58,1,2,13,0,0,0,1,0,601840.892
123,2,3,10,0,1,0,0,0,868097.4075
194,3,2,14,0,1,0,0,0,1201718.022
56,3,3,18,1,0,0,0,0,596183.6211
190,1,2,9,0,1,0,0,0,1158227.632
186,1,2,39,1,0,0,0,0,1179024.677
76,3,2,28,0,0,1,0,0,538559.7046
171,4,2,3,0,0,0,0,1,1039391.278
54,2,1,20,0,0,1,0,0,488290.4746
78,1,2,6,1,0,0,0,0,555759.453
132,1,1,27,1,0,0,0,0,863454.9303
185,3,1,2,0,0,1,0,0,1161500.142
158,2,2,29,0,0,0,1,0,946275.5857
114,3,1,38,0,0,0,1,0,760358.508
135,2,3,3,0,0,0,1,0,860270.3777
194,2,2,16,1,0,0,0,0,1154005.004
120,2,1,30,0,1,0,0,0,768140.6131
94,1,2,40,1,0,0,0,0,663946.391
181,4,2,2,0,1,0,0,0,1167818.073
85,3,2,17,0,0,1,0,0,679655.7982
119,4,1,41,0,0,0,0,1,793423.3208
68,3,3,12,0,1,0,0,0,694468.3404
157,2,3,35,0,0,0,1,0,995235.7326
140,1,1,43,1,0,0,0,0,916728.1716
139,4,2,1,0,0,1,0,0,1010036.276
68,1,1,45,0,0,0,1,0,579698.8642
88,3,1,15,0,0,1,0,0,638637.099
175,1,1,26,0,0,0,0,1,987982.0639
190,1,2,37,1,0,0,0,0,1205884.711
175,4,1,21,1,0,0,0,0,1133271.629
107,2,2,49,0,0,0,0,1,760082.9608
197,1,1,31,1,0,0,0,0,1189839.94
110,2,3,25,0,1,0,0,0,689661.8954
176,3,1,23,0,0,1,0,0,1095816.089
154,1,1,24,0,0,0,1,0,931560.7949
50,4,3,38,0,0,0,0,1,498655.3451
180,3,2,28,0,1,0,0,0,1125387.847
141,3,2,21,0,0,0,1,0,844392.8236
162,4,1,43,0,0,0,1,0,1040708.846
105,1,3,18,0,0,0,0,1,745688.4214
166,1,2,36,0,1,0,0,0,1069097.835
183,3,1,35,0,0,0,1,0,1013062.224
107,1,3,45,0,0,0,1,0,745356.7245
93,2,2,9,0,1,0,0,0,684267.0331
110,4,2,38,1,0,0,0,0,809189.4005
96,2,3,30,0,0,0,1,0,688842.0183
198,1,3,44,0,0,1,0,0,1213180.396
129,3,3,34,0,1,0,0,0,892856.344
167,4,3,32,0,0,0,1,0,1040404.254
196,1,1,3,0,0,0,0,1,1141321.271
69,1,3,3,0,0,1,0,0,571291.2731
195,3,2,28,0,0,0,1,0,1182830.319
96,3,2,44,0,0,1,0,0,526609.4262
98,2,1,15,0,0,1,0,0,709131.8042
63,4,2,41,1,0,0,0,0,548266.8191
192,4,2,23,0,0,1,0,0,1139592.321
50,3,3,40,1,0,0,0,0,556128.1758
166,2,2,11,0,1,0,0,0,1090818.286
103,4,1,48,1,0,0,0,0,710633.9902
167,3,3,32,0,0,0,0,1,1005391.531
52,1,3,36,0,0,0,1,0,462901.5367
193,4,1,33,0,1,0,0,0,1188155.304
61,2,3,24,0,1,0,0,0,597216.7141
123,2,3,39,0,0,0,0,1,793813.2243
65,2,1,34,1,0,0,0,0,570746.1067
151,1,3,28,0,0,0,1,0,929987.3498
166,4,1,37,1,0,0,0,0,985708.4108
57,4,1,7,0,0,1,0,0,461385.8622
171,1,2,4,1,0,0,0,0,1077879.423
141,4,2,37,0,1,0,0,0,944724.2745
139,1,3,1,0,0,0,1,0,940393.057
185,1,3,1,1,0,0,0,0,1179481.298
109,1,1,47,0,0,0,1,0,716865.9258
77,2,3,20,0,0,0,1,0,601945.2951
150,4,1,19,0,0,1,0,0,871186.1868
90,1,1,29,0,0,1,0,0,594945.1656
194,4,3,10,0,1,0,0,0,1169661.066
190,2,1,18,0,0,0,0,1,1125569.549
95,1,2,28,0,0,0,1,0,699859.6499
84,3,3,35,0,0,0,0,1,595688.7757
183,2,2,43,0,1,0,0,0,1182927.834
131,3,3,47,0,0,0,1,0,920141.5622
164,4,1,31,0,0,0,1,0,1079324.008
96,4,3,27,0,0,0,0,1,742478.1928
59,2,2,11,1,0,0,0,0,484361.7412
105,4,1,49,0,0,1,0,0,755040.7714
79,3,3,49,1,0,0,0,0,614769.9547
158,1,3,38,0,0,0,0,1,977894.2253
54,1,3,5,0,0,1,0,0,496432.4504
168,1,2,8,1,0,0,0,0,1118234.793
82,2,2,34,0,0,1,0,0,642516.3503
167,4,3,48,0,0,0,1,0,1072971.71
114,3,1,12,1,0,0,0,0,700419.6403
195,4,1,38,0,0,1,0,0,1145238.627
60,4,2,1,0,0,1,0,0,604211.1145
134,4,1,31,0,0,1,0,0,893005.5131
75,1,2,4,1,0,0,0,0,525838.9033
112,3,3,49,0,1,0,0,0,710670.6014
135,3,2,45,1,0,0,0,0,909775.4575
108,4,2,5,0,0,0,0,1,732147.1416
76,1,3,30,1,0,0,0,0,561960.177
147,1,1,24,0,0,1,0,0,924630.3864
154,3,2,3,0,0,0,1,0,1067111.939
148,1,2,11,1,0,0,0,0,921464.8986
178,1,3,45,1,0,0,0,0,1102761.985
198,1,1,4,0,0,1,0,0,1162287.667
104,2,2,26,0,0,0,1,0,705789.7948
55,4,3,27,0,0,0,1,0,540029.9238
144,3,2,46,0,0,0,0,1,941824.9464
182,3,3,43,1,0,0,0,0,1133303.783
151,2,1,27,0,0,0,1,0,841736.1233
52,4,1,42,0,0,0,1,0,532500.4967
72,3,1,6,0,1,0,0,0,638471.0962
102,1,1,15,0,1,0,0,0,629818.1064
132,3,2,30,0,0,0,1,0,876781.6004
194,1,2,42,0,0,0,0,1,1168535.108
134,2,1,37,0,0,0,1,0,860452.1972
127,1,1,37,0,0,1,0,0,801100.6655
159,3,1,42,1,0,0,0,0,984488.6554
50,3,2,37,0,0,0,0,1,529365.1963
100,3,1,35,0,0,1,0,0,696042.9436
53,2,1,23,0,0,0,0,1,396252.037
162,2,1,6,0,0,1,0,0,1047553.786
81,4,3,4,1,0,0,0,0,725802.9321
83,3,1,18,1,0,0,0,0,654489.8864
141,1,3,9,0,1,0,0,0,956157.4601
144,2,3,49,0,0,1,0,0,955838.7787
121,3,1,29,0,1,0,0,0,757077.1873
88,3,3,13,0,0,1,0,0,634444.6806
167,2,1,47,0,1,0,0,0,1069706.636
52,4,2,17,1,0,0,0,0,545479.2281
172,2,2,45,0,0,0,0,1,1063542.364
99,2,2,32,0,1,0,0,0,615012.039
61,1,2,48,0,0,1,0,0,520334.1554
103,1,3,22,0,0,1,0,0,706925.7177
182,4,1,4,1,0,0,0,0,1125689.092
106,3,1,5,0,0,1,0,0,741831.3416
194,2,1,37,0,0,0,1,0,1074100.989
161,4,2,41,0,0,0,0,1,1013913.415
96,1,2,49,0,1,0,0,0,644183.0826
134,2,1,13,0,0,0,0,1,890019.7953
191,3,2,34,1,0,0,0,0,1266667.225
115,1,1,45,0,1,0,0,0,794075.7896
124,1,1,22,0,1,0,0,0,674774.251
152,1,1,23,0,0,0,1,0,860241.6585
87,4,1,3,1,0,0,0,0,578255.6618
99,3,1,42,0,0,1,0,0,613322.8863
147,2,1,34,0,0,0,1,0,858524.0895
131,4,1,32,0,0,0,1,0,873528.0808
79,4,2,45,0,0,0,0,1,574003.3383
128,4,1,49,0,0,0,0,1,786396.4965
140,1,1,21,0,0,0,0,1,848088.2342
101,3,2,46,0,0,0,1,0,613534.5177
128,4,2,44,0,0,1,0,0,824070.3424
79,2,2,21,0,1,0,0,0,588822.1687
155,3,1,44,0,0,0,0,1,920879.9006
100,2,3,11,0,0,1,0,0,752847.6995
130,3,3,39,1,0,0,0,0,986032.4895
182,2,2,4,0,0,0,0,1,1161416.808
78,1,3,1,0,1,0,0,0,600534.4988
181,4,2,28,1,0,0,0,0,1153933.547
187,2,1,24,1,0,0,0,0,1114528.043
194,3,3,35,0,1,0,0,0,1199292.374
123,4,1,13,0,0,0,0,1,835625.7913
66,4,3,47,0,0,0,1,0,480011.0224
133,3,1,34,0,1,0,0,0,905035.7194
118,2,3,11,0,1,0,0,0,933677.5395
83,1,1,36,0,1,0,0,0,555507.973
55,1,1,17,1,0,0,0,0,443531.7787
102,2,3,35,0,0,1,0,0,742852.2124
175,4,1,18,0,0,0,1,0,1137969.299
92,4,1,40,0,0,0,0,1,623785.3142
164,4,1,22,0,0,0,0,1,1064697.258
160,4,3,24,0,0,1,0,0,1100424.734
129,2,3,19,0,1,0,0,0,1014080.572
144,4,1,37,0,0,0,1,0,896566.8992
167,3,1,39,0,0,0,0,1,897199.9776
193,4,3,21,0,0,0,0,1,1152353.044
57,1,3,8,0,1,0,0,0,527596.4119
181,4,1,28,0,0,1,0,0,1168394.105
153,2,1,5,0,0,0,1,0,917374.543
181,1,1,17,0,0,1,0,0,1056453.378
74,2,2,37,0,0,1,0,0,597242.1369
145,2,3,36,0,0,0,1,0,890738.37
142,1,2,19,0,0,0,1,0,860436.53
110,2,3,27,0,0,0,0,1,704613.6656
171,2,3,34,0,0,0,0,1,1119911.405
100,4,3,11,0,0,0,1,0,856083.6406
196,3,3,45,1,0,0,0,0,1156029.251
70,2,3,47,0,0,0,0,1,535890.7251
54,2,3,12,1,0,0,0,0,608362.9488
141,2,3,21,0,0,0,1,0,953934.7592
110,4,2,11,0,0,0,0,1,764538.0384
71,3,1,39,0,0,1,0,0,458691.894
198,1,1,28,0,0,0,1,0,1189647.228
119,4,2,5,0,1,0,0,0,888025.7607
50,4,2,17,1,0,0,0,0,449350.6806
182,3,2,20,0,0,0,1,0,1189494.553
61,3,2,41,0,0,0,1,0,423979.8219
139,4,3,46,0,0,0,0,1,917975.6923
95,1,1,12,0,0,0,0,1,609769.2648
83,4,3,6,0,0,0,0,1,769919.0664
127,3,1,17,0,1,0,0,0,834947.6904
94,1,1,19,0,0,0,0,1,597767.8657
122,3,2,26,0,0,0,1,0,755846.0828
75,1,3,48,0,0,0,0,1,514980.116
96,2,2,44,0,0,1,0,0,625135.227
170,3,3,44,0,0,0,0,1,1027738.882
105,3,1,32,0,1,0,0,0,723314.2262
143,4,2,6,0,0,1,0,0,857291.1807
156,3,2,36,0,0,0,1,0,908488.4877
112,3,1,38,0,0,0,1,0,726449.0563
97,2,1,11,1,0,0,0,0,700062.7342
110,3,1,33,0,0,1,0,0,725328.3601
130,2,2,24,1,0,0,0,0,873960.2755
75,2,3,23,0,0,1,0,0,591544.1693
85,2,2,15,0,0,1,0,0,639074.7698
50,2,3,27,0,1,0,0,0,514707.111
57,1,2,11,1,0,0,0,0,525356.6864
162,4,2,17,0,1,0,0,0,1038552.079
148,1,1,14,0,0,1,0,0,951754.737
96,3,3,27,0,0,0,1,0,730855.4347
176,1,2,18,0,0,1,0,0,1133610.698
105,1,2,28,0,1,0,0,0,788643.6216
63,3,1,47,1,0,0,0,0,435863.6639
77,3,1,47,1,0,0,0,0,535048.6231
127,3,3,4,0,1,0,0,0,961677.402
179,1,2,7,1,0,0,0,0,1034755.379
158,1,3,45,0,0,0,0,1,1036008.848
63,3,2,35,0,0,0,1,0,502805.8903
105,4,3,48,0,0,0,1,0,795751.6518
164,4,1,9,0,0,0,1,0,1035180.467
56,2,2,8,1,0,0,0,0,452380.5236
52,3,3,45,1,0,0,0,0,567777.2301
160,2,1,17,0,0,1,0,0,1120536.152
156,4,1,17,0,0,1,0,0,977249.5862
67,2,3,49,0,0,0,1,0,519882.0725
87,3,2,33,0,0,0,0,1,499545.0228
164,3,2,32,0,0,1,0,0,1105575.145
64,3,1,8,0,0,1,0,0,577588.2661
168,1,2,19,1,0,0,0,0,964330.8069
77,2,2,38,0,0,0,0,1,453755.7269
88,4,2,3,0,0,0,1,0,599538.4358
66,4,1,5,0,0,1,0,0,597258.4563
135,4,3,13,0,0,0,0,1,979249.571
175,1,2,47,0,0,0,0,1,971833.3028
93,1,1,46,0,0,0,1,0,613963.0016
74,3,1,31,0,0,0,0,1,546943.856
194,4,3,16,0,0,0,0,1,1215636.515
62,1,2,32,0,0,0,0,1,516509.8413
74,3,2,22,0,0,1,0,0,537753.2199
117,4,3,29,0,0,0,1,0,903376.9607
187,2,3,22,0,0,0,0,1,1116573.922
116,3,1,43,0,0,0,0,1,826076.8341
158,1,1,3,0,0,1,0,0,916734.6988
195,1,3,10,0,0,0,1,0,1177421.396
160,3,2,42,1,0,0,0,0,1030929.357
160,3,1,21,0,0,1,0,0,1001615.927
83,1,1,16,0,0,0,1,0,593541.425
160,2,2,12,0,0,0,0,1,933715.8791
57,4,1,2,0,0,0,1,0,511134.3796
162,2,2,41,0,0,0,1,0,995906.5853
132,3,2,24,0,0,0,1,0,849613.0888
91,2,2,35,1,0,0,0,0,690202.9309
150,1,3,30,0,0,0,1,0,882681.5043
55,3,3,30,1,0,0,0,0,528677.3055
75,4,3,47,0,0,0,0,1,570340.7938
113,1,2,35,1,0,0,0,0,743828.4535
108,1,2,19,0,0,0,0,1,783351.773
158,4,3,8,0,0,0,0,1,1135322.786
170,4,1,26,1,0,0,0,0,1147520.823
82,2,2,49,0,0,1,0,0,567887.136
199,3,1,40,0,1,0,0,0,1230380.914
70,4,1,7,0,0,0,1,0,578618.1063
119,4,2,30,0,1,0,0,0,847279.4852
161,3,2,7,0,0,0,1,0,1034131.933
53,4,1,3,0,0,0,1,0,579920.8929
143,4,1,1,0,0,0,0,1,1002291.93
124,2,3,36,0,0,0,1,0,871244.8209
111,1,3,25,0,0,0,1,0,751484.9517
143,1,2,37,1,0,0,0,0,909978.0379
144,1,3,1,0,1,0,0,0,995528.3302
104,1,3,15,1,0,0,0,0,738919.5544
186,4,3,37,0,0,0,1,0,1229915.786
180,3,3,13,0,0,0,0,1,1100937.744
80,3,1,40,1,0,0,0,0,619592.1844
89,2,2,8,1,0,0,0,0,572514.2225
85,2,3,5,0,0,1,0,0,652469.0737
55,4,1,9,0,0,0,1,0,599883.8566
115,3,1,1,0,0,0,0,1,825809.5747
124,3,1,36,1,0,0,0,0,900773.4225
53,1,3,35,1,0,0,0,0,456634.6166
128,4,3,2,0,0,0,0,1,923188.6418
183,4,2,40,0,0,0,1,0,1199099.613
167,1,3,23,0,0,1,0,0,1083654.747
162,4,3,9,1,0,0,0,0,1146428.294
143,4,1,34,0,0,1,0,0,1002529.099
111,2,2,46,0,1,0,0,0,696977.2517
128,3,3,14,0,0,0,1,0,886788.098
185,4,3,4,0,1,0,0,0,1143295.722
75,2,1,30,0,1,0,0,0,500244.6974
93,3,1,31,0,1,0,0,0,717709.2696
182,1,3,38,0,0,0,1,0,1056132.537
119,2,2,11,0,0,0,1,0,840776.2127
167,2,2,35,0,0,0,0,1,1092924.252
117,3,1,8,0,0,1,0,0,788103.0913
68,1,1,3,0,0,1,0,0,542993.172
69,2,3,14,0,0,0,0,1,608165.6065
162,4,1,13,0,0,0,0,1,955925.2468
189,4,3,45,0,1,0,0,0,1179177.383
96,4,2,32,0,0,0,0,1,647816.9394
50,1,2,34,1,0,0,0,0,419163.8445
139,2,3,45,0,0,1,0,0,945805.5349
191,4,1,19,0,0,0,0,1,1126240.163
113,1,2,38,1,0,0,0,0,755242.3387
87,4,1,16,1,0,0,0,0,626876.9192
86,3,2,2,1,0,0,0,0,759321.1082
175,2,3,40,1,0,0,0,0,1087744.5
188,2,3,17,0,1,0,0,0,1269149.028
149,1,3,34,1,0,0,0,0,974046.4547
126,1,2,42,0,1,0,0,0,737650.0211
52,2,1,16,0,1,0,0,0,445448.6627
183,4,1,38,1,0,0,0,0,1083861.159
59,4,1,2,0,0,1,0,0,562467.4689
54,3,2,2,1,0,0,0,0,524931.8609
187,4,2,26,1,0,0,0,0,1207160.513
179,1,2,13,1,0,0,0,0,1093532.344
62,1,2,47,0,0,1,0,0,445232.8848
179,4,2,31,0,0,0,1,0,1075318.9
133,1,1,34,0,0,0,1,0,842811.1468
114,2,2,39,0,1,0,0,0,762342.3449
112,2,2,3,0,1,0,0,0,781265.4553
150,4,1,8,0,0,1,0,0,972089.3051
122,2,2,23,0,0,0,0,1,763056.9103
66,2,1,14,0,0,0,1,0,490432.4287
58,3,1,27,0,1,0,0,0,503281.4907
192,3,3,29,0,0,0,1,0,1149293.15
87,2,3,39,0,0,1,0,0,611532.4003
143,4,3,39,0,0,1,0,0,1044914.205
144,3,3,1,0,0,0,0,1,960862.1734
98,1,2,17,0,0,0,0,1,635421.9596
118,1,3,41,0,0,1,0,0,721806.4197
111,1,1,30,0,1,0,0,0,757533.8819
127,4,2,13,0,0,0,1,0,829203.7093
166,2,3,21,1,0,0,0,0,1088235.367
169,1,1,19,0,0,0,0,1,900590.7465
186,4,2,19,1,0,0,0,0,1241908.64
125,3,2,25,0,1,0,0,0,918842.8122
84,2,3,22,0,0,0,0,1,662226.0173
50,3,2,31,1,0,0,0,0,412275.9934
89,4,1,17,0,1,0,0,0,719938.1072
113,1,2,23,0,0,0,1,0,700632.55
199,1,1,32,0,1,0,0,0,1094451.406
109,4,2,10,0,0,0,0,1,765826.9477
113,1,3,10,0,0,1,0,0,774831.6163
142,2,1,36,0,0,0,1,0,838747.5674
121,4,2,8,1,0,0,0,0,950683.7124
60,3,2,20,0,0,0,0,1,610591.2998
154,4,2,32,0,0,1,0,0,939543.1731
63,2,1,14,0,1,0,0,0,476558.3803
109,2,1,28,0,0,1,0,0,724137.4168
79,4,1,46,0,0,0,0,1,549564.1755
84,4,3,24,0,0,0,0,1,695969.9375
54,1,3,15,0,0,1,0,0,540799.2678
132,2,1,22,0,1,0,0,0,885468.2971
172,4,2,30,0,0,1,0,0,1130486.678
127,4,3,4,0,0,0,0,1,993954.776
111,2,1,13,0,0,0,0,1,642552.6359
181,4,2,23,1,0,0,0,0,1246005.44
138,1,3,8,1,0,0,0,0,921350.4183
91,2,2,18,0,0,0,1,0,696256.261
138,1,2,12,0,0,0,0,1,816516.6886
195,1,2,31,1,0,0,0,0,1128575.18
89,1,2,14,0,0,1,0,0,674105.8646
121,1,3,34,0,1,0,0,0,724563.4989
88,2,3,18,0,0,1,0,0,731472.1039
153,1,3,34,0,1,0,0,0,1043998.175
63,1,1,11,1,0,0,0,0,512889.2427
81,4,3,41,0,0,0,1,0,661088.0518
174,2,2,12,0,0,1,0,0,1046318.193
146,2,3,49,0,0,1,0,0,974722.4701
72,3,2,15,0,0,1,0,0,612383.2623
112,2,1,31,0,1,0,0,0,692924.7302
192,2,2,49,1,0,0,0,0,1141426.002
194,3,2,29,0,0,1,0,0,1183033.229
102,2,2,26,0,0,1,0,0,694359.8902
153,2,1,18,0,0,0,1,0,868854.4293
153,2,3,32,0,0,0,1,0,1017951.015
88,2,3,22,1,0,0,0,0,685824.4772
183,3,1,38,1,0,0,0,0,1117768.239
116,2,2,17,0,0,0,0,1,744086.6706
184,2,3,23,0,0,0,1,0,1170763.574
91,3,1,24,0,0,0,0,1,640934.8092
64,4,3,8,0,1,0,0,0,682639.2195
160,1,1,41,0,0,0,0,1,943029.9356
82,4,2,6,0,0,1,0,0,663865.7799
87,3,3,5,0,0,0,0,1,653014.1591
146,1,1,44,1,0,0,0,0,929297.6342
82,3,3,29,0,1,0,0,0,656871.1951
135,3,3,28,0,0,1,0,0,918414.1217
115,2,3,11,0,0,0,0,1,795401.4197
59,1,3,1,0,1,0,0,0,523919.6145
54,2,1,43,0,1,0,0,0,429273.0503
172,1,2,19,0,0,1,0,0,1147310.378
123,3,1,9,0,0,0,0,1,753608.8973
146,3,1,27,0,1,0,0,0,892274.7895
167,4,1,34,0,1,0,0,0,1120216.221
87,1,2,44,0,0,0,1,0,572259.7808
190,2,3,4,0,1,0,0,0,1193468.936
96,4,3,36,0,0,0,1,0,785743.1928
158,4,3,18,0,0,0,0,1,980990.2191
64,4,2,15,0,0,0,0,1,596072.7215
185,2,3,13,0,0,0,0,1,1154280.821
54,4,2,19,1,0,0,0,0,564240.1065
96,2,3,49,0,0,0,0,1,693301.5478
117,4,3,6,0,1,0,0,0,857600.8707
125,2,1,48,0,0,1,0,0,829559.189
179,3,2,12,0,0,0,1,0,1095493.114
144,3,1,37,1,0,0,0,0,943442.4509
164,3,1,17,0,0,0,0,1,1064886.224
85,3,1,23,0,0,0,0,1,670945.085
75,3,2,26,0,0,1,0,0,585643.6832
92,4,2,29,0,0,1,0,0,724156.7637
76,4,3,33,1,0,0,0,0,649025.5605
118,4,1,27,0,0,0,1,0,918189.8114
197,2,3,25,0,0,0,0,1,1239006.3
60,2,1,10,1,0,0,0,0,514202.9218
123,2,2,47,0,1,0,0,0,823628.1087
153,2,2,23,0,1,0,0,0,1002355.271
87,3,2,21,1,0,0,0,0,705837.177
183,3,1,21,0,0,0,0,1,1082000.089
72,3,2,43,1,0,0,0,0,567283.635
96,1,1,13,0,0,0,0,1,619407.3319
139,4,3,37,0,0,1,0,0,901015.4147
95,2,1,33,1,0,0,0,0,697913.7203
156,2,3,24,0,0,0,0,1,955914.7479
189,3,1,44,1,0,0,0,0,1088002.496
190,2,3,11,1,0,0,0,0,1218282.277
153,2,2,17,0,0,0,0,1,951493.8685
160,4,3,4,0,0,0,0,1,1088481.724
153,3,2,47,0,0,0,1,0,929589.7315
109,4,2,25,1,0,0,0,0,790372.8721
149,1,3,30,0,1,0,0,0,999605.9753
117,1,1,9,1,0,0,0,0,807560.86
182,1,1,21,1,0,0,0,0,1118476.252
169,3,1,20,0,0,0,0,1,1026698.381
86,2,1,19,1,0,0,0,0,639446.1312
121,3,1,19,1,0,0,0,0,837521.9444
176,3,2,12,0,1,0,0,0,1095197.913
155,2,1,37,0,0,0,0,1,991702.33
141,4,2,42,1,0,0,0,0,1019579.402
80,1,2,17,0,0,1,0,0,632712.2796
171,4,2,37,0,0,0,1,0,1056706.921
186,1,3,48,0,1,0,0,0,1158957.206
100,3,3,39,1,0,0,0,0,809918.4969
78,1,2,28,0,0,1,0,0,510840.1549
89,3,3,41,1,0,0,0,0,788725.5881
90,4,1,35,1,0,0,0,0,588030.6194
60,3,1,47,0,0,0,0,1,488230.291
50,4,2,48,0,0,0,0,1,524664.1153
95,2,1,18,0,0,0,0,1,631346.8268
150,2,2,14,0,0,1,0,0,958476.78
198,2,2,35,1,0,0,0,0,1238383.04
139,3,1,44,0,0,0,1,0,953594.0946
159,2,3,41,0,1,0,0,0,1009946.618
106,1,1,7,0,0,0,0,1,643952.2404
50,4,1,41,0,0,0,0,1,407811.2272
112,4,2,13,1,0,0,0,0,759374.3004
104,1,2,18,1,0,0,0,0,776887.8949
164,3,2,37,0,0,1,0,0,1007295.847
192,3,2,13,0,0,1,0,0,1186583.042
198,4,3,36,0,0,0,0,1,1279481.057
102,2,3,31,1,0,0,0,0,740154.4838
186,3,3,2,0,0,0,1,0,1235954.52
106,3,2,16,0,1,0,0,0,722095.5748
166,1,2,9,1,0,0,0,0,1098935.971
84,1,2,9,1,0,0,0,0,658095.2511
112,2,3,38,0,0,1,0,0,777571.0485
74,3,2,11,0,1,0,0,0,625544.6744
139,3,1,22,0,0,0,0,1,808661.9353
124,1,1,33,1,0,0,0,0,792400.0372
87,3,2,36,0,0,0,0,1,621916.5107
179,4,1,45,1,0,0,0,0,1047028.369
184,1,1,23,0,0,0,0,1,1023446.229
140,2,3,45,0,1,0,0,0,918537.7371
66,1,2,45,0,0,1,0,0,464635.3908
177,3,2,34,0,1,0,0,0,990394.3047
157,2,3,9,0,0,0,1,0,1079819.377
74,1,1,24,0,0,1,0,0,518895.5062
137,4,1,8,0,1,0,0,0,813302.4895
78,4,2,7,0,0,0,1,0,749748.147
112,1,1,36,1,0,0,0,0,786069.6166
199,4,3,18,1,0,0,0,0,1279550.897
163,4,3,3,0,0,0,0,1,1049875.125
98,4,2,28,0,0,1,0,0,752159.5605
130,2,3,6,1,0,0,0,0,934116.3407
133,4,3,44,0,0,1,0,0,948104.4962
154,4,2,44,1,0,0,0,0,974018.9863
197,4,3,21,0,0,0,0,1,1298888.601
167,2,3,28,0,1,0,0,0,1053326.894
135,1,3,40,0,0,0,0,1,889038.2874
112,3,1,1,0,0,0,1,0,729153.037
153,4,2,36,1,0,0,0,0,1151407.199
98,1,2,21,0,0,0,1,0,703776.1674
120,4,2,43,0,0,0,1,0,961211.6138
50,2,1,35,0,0,1,0,0,456380.0988
190,1,1,13,1,0,0,0,0,1108926.782
172,2,2,49,0,0,0,1,0,1072469.04
111,4,1,10,0,1,0,0,0,840028.8909
81,4,2,44,0,0,0,1,0,639666.2072
78,2,1,47,0,1,0,0,0,584519.6236
